Id,Name,Shape Library,Page ID,Contained By,Group,Line Source,Line Destination,Source Arrow,Destination Arrow,Status,Text Area 1,Comments
1,Document,,,,,,,,,Draft,Copy of Flowcharts,
5,Rectangle Container,UML,2,,,,,,,,CommandVault Component Hierarchy,
21,Process,Flowchart Shapes/Containers,2,5,,,,,,,CommandVault Application,
22,Process,Flowchart Shapes/Containers,2,5,,,,,,,Main Container,
23,Process,Flowchart Shapes/Containers,2,5,,,,,,,Modal Dialogs,
24,Process,Flowchart Shapes/Containers,2,5,,,,,,,Content Panel,
25,Process,Flowchart Shapes/Containers,2,5,,,,,,,Header (Search & Navigation),
26,Process,Flowchart Shapes/Containers,2,5,,,,,,,Footer (Status & Info),
27,Process,Flowchart Shapes/Containers,2,5,,,,,,,Edit Command Dialog,
28,Process,Flowchart Shapes/Containers,2,5,,,,,,,Add Command Dialog,
29,Process,Flowchart Shapes/Containers,2,5,,,,,,,Settings Dialog,
30,Process,Flowchart Shapes/Containers,2,5,,,,,,,Command List View,
31,Process,Flowchart Shapes/Containers,2,5,,,,,,,Category Tree View,
32,Process,Flowchart Shapes/Containers,2,5,,,,,,,Command Detail View,
48,Line,,2,,,21,22,None,Arrow,,,
49,Line,,2,,,21,23,None,Arrow,,,
50,Line,,2,,,22,25,None,Arrow,,,
51,Line,,2,,,22,24,None,Arrow,,,
52,Line,,2,,,22,26,None,Arrow,,,
53,Line,,2,,,23,28,None,Arrow,,,
54,Line,,2,,,23,27,None,Arrow,,,
55,Line,,2,,,23,29,None,Arrow,,,
56,Line,,2,,,24,30,None,Arrow,,,