Id,Name,Shape Library,Page ID,Contained By,Group,Line Source,Line Destination,Source Arrow,Destination Arrow,Status,Text Area 1,Text Area 2,Text Area 3,Comments
1,Document,,,,,,,,,Draft,Flowcharts,,,
2,Page,,,,,,,,,,Page 1,,,
3,Rectangle Container,UML,2,,,,,,,,Core Data Entities,,,
4,Rectangle Container,UML,2,,,,,,,,CommandVault Application Lifecycle,,,
5,Rectangle Container,UML,2,,,,,,,,Iced Framework Pattern (Elm Architecture),,,
6,Rectangle Container,UML,2,,,,,,,,CommandVault Component Hierarchy,,,
7,Process,Flowchart Shapes/Containers,2,4,,,,,,,Initialise Application,,,
8,Terminator,Flowchart Shapes/Containers,2,4,,,,,,,End,,,
9,Terminator,Flowchart Shapes/Containers,2,4,,,,,,,Start,,,
10,Decision,Flowchart Shapes/Containers,2,4,,,,,,,Exit Requested,,,
11,Process,Flowchart Shapes/Containers,2,4,,,,,,,Start Event Loop,,,
12,Process,Flowchart Shapes/Containers,2,4,,,,,,,Load Configuration,,,
13,Process,Flowchart Shapes/Containers,2,4,,,,,,,Build UI Components,,,
14,Process,Flowchart Shapes/Containers,2,4,,,,,,,Handle Events,,,
15,Process,Flowchart Shapes/Containers,2,4,,,,,,,Shutdown,,,
16,Process,Flowchart Shapes/Containers,2,5,62,,,,,,User Action,,,
17,Process,Flowchart Shapes/Containers,2,5,62,,,,,,State Modification,,,
18,Process,Flowchart Shapes/Containers,2,5,62,,,,,,Update Function,,,
19,Process,Flowchart Shapes/Containers,2,5,62,,,,,,View Function,,,
20,Process,Flowchart Shapes/Containers,2,5,62,,,,,,Message Generation,,,
21,Process,Flowchart Shapes/Containers,2,5,62,,,,,,UI Rendering,,,
22,Process,Flowchart Shapes/Containers,2,6,,,,,,,CommandVault Application,,,
23,Process,Flowchart Shapes/Containers,2,6,,,,,,,Main Container,,,
24,Process,Flowchart Shapes/Containers,2,6,,,,,,,Modal Dialogs,,,
25,Process,Flowchart Shapes/Containers,2,6,,,,,,,Content Panel,,,
26,Process,Flowchart Shapes/Containers,2,6,,,,,,,Header (Search & Navigation),,,
27,Process,Flowchart Shapes/Containers,2,6,,,,,,,Footer (Status & Info),,,
28,Process,Flowchart Shapes/Containers,2,6,,,,,,,Edit Command Dialog,,,
29,Process,Flowchart Shapes/Containers,2,6,,,,,,,Add Command Dialog,,,
30,Process,Flowchart Shapes/Containers,2,6,,,,,,,Settings Dialog,,,
31,Process,Flowchart Shapes/Containers,2,6,,,,,,,Command List View,,,
32,Process,Flowchart Shapes/Containers,2,6,,,,,,,Category Tree View,,,
33,Process,Flowchart Shapes/Containers,2,6,,,,,,,Command Detail View,,,
34,Class,UML,2,3,,,,,,,Command,"id: UUID
title: String
command_text: String
category_id: UUID
tags: Vec<UUID>
created_at: DateTime
updated_at: DateTime",,
35,Class,UML,2,3,,,,,,,Category,"id: UUID
name: String
parent_id: Option<UUID>
created_at: DateTime",,
36,Class,UML,2,3,,,,,,,Tag,"id: UUID
name: String
colour: String
created_at: DateTime",,
37,Line,,2,,,9,7,None,Arrow,,,,,
38,Line,,2,,,7,12,None,Arrow,,,,,
39,Line,,2,,,12,13,None,Arrow,,,,,
40,Line,,2,,,13,11,None,Arrow,,,,,
41,Line,,2,,,11,14,None,Arrow,,,,,
42,Line,,2,,,14,10,None,Arrow,,,,,
43,Line,,2,,,10,15,None,Arrow,,Yes,,,
44,Line,,2,,,10,14,None,Arrow,,No,,,
45,Line,,2,,,15,8,None,Arrow,,,,,
46,Line,,2,,62,16,20,None,Arrow,,,,,
47,Line,,2,,62,20,18,None,Arrow,,,,,
48,Line,,2,,62,18,17,None,Arrow,,,,,
49,Line,,2,,62,17,19,None,Arrow,,,,,
50,Line,,2,,62,19,21,None,Arrow,,,,,
51,Line,,2,,62,21,16,None,Arrow,,,,,
52,Line,,2,,,22,23,None,Arrow,,,,,
53,Line,,2,,,22,24,None,Arrow,,,,,
54,Line,,2,,,23,26,None,Arrow,,,,,
55,Line,,2,,,23,25,None,Arrow,,,,,
56,Line,,2,,,23,27,None,Arrow,,,,,
57,Line,,2,,,24,29,None,Arrow,,,,,
58,Line,,2,,,24,28,None,Arrow,,,,,
59,Line,,2,,,24,30,None,Arrow,,,,,
60,Line,,2,,,25,31,None,Arrow,,,,,
61,Line,,2,,,34,35,None,Arrow,,,,,
62,Group 1,,2,,,,,,,,,,,